{"cameraMode":{"drawMode":0,"name":"Shaded","section":"Shading Mode"},"sceneLighting":true,"audioPlay":false,"sceneViewState":{"m_AlwaysRefresh":true,"showFog":true,"showSkybox":true,"showFlares":true,"showImageEffects":true,"showParticleSystems":true,"showVisualEffectGraphs":true,"m_FxEnabled":true},"in2DMode":false,"pivot":{"x":401.2557373046875,"y":36.3658447265625,"z":285.67633056640627},"rotation":{"x":0.062200140208005908,"y":-0.8937750458717346,"z":0.42448902130126955,"w":0.13095098733901978},"size":207.9644317626953,"orthographic":false}