{"cameraMode":{"drawMode":0,"name":"Shaded","section":"Shading Mode"},"sceneLighting":false,"audioPlay":false,"sceneViewState":{"m_AlwaysRefresh":true,"showFog":true,"showSkybox":false,"showFlares":true,"showImageEffects":true,"showParticleSystems":true,"showVisualEffectGraphs":true,"m_FxEnabled":true},"in2DMode":false,"pivot":{"x":-0.1439065933227539,"y":11.727864265441895,"z":1.1032745838165284},"rotation":{"x":0.2711416482925415,"y":0.2639274001121521,"z":-0.07759127020835877,"w":0.9224077463150024},"size":12.979425430297852,"orthographic":false}